Gene,DNA_Sequence,Mutation_Position,Reference_Base,Alternate_Base,Pathogenicity
MYH7,CGACCGAACTCCCCGAGGGCTATGGTTTGGAAGTTAGAACCCTGGGGCTT,8,C,A,pathogenic
CFTR,CTCGCGGACACCAACTGAGTTTATATGGCGCGAGCCTAGTGGTTTTTGTA,11,C,A,benign
CFTR,CTTGTTTGTCGCGTCGATGAGATCAGTAGGGAAACAAACAGAGGGCCCAG,39,A,T,benign
MYH7,CCACATCTAGCAGGTAGCCTGACGGTCCACACTCAATCCTCCACCTTGAC,13,G,C,pathogenic
BRCA1,CGCAGAGGTACCACCAGAGCCCTGTTATAATGGGGGTTCGTCGACTAAAC,12,A,T,pathogenic
TP53,TAGAACCTGCATAACTGGCCTGGGAGATATGGTCTCAAAGACATTGTCAG,21,G,C,benign
BRCA1,AACTTAGTGTGCGCCGCACTGAGTTTCCGGAAGCTGACGGCGCTCCCGGC,21,A,T,pathogenic
BRCA1,GAAGGCTGACGAATCCTTCCGGTGAGGATAGTGAAGCCAACCGGCGGTGA,37,C,A,pathogenic
TP53,GGCAGGTGGTCGTACAATGTTTTCGAAGAGATAGGGGGCCAGAGGCCTCT,36,G,T,pathogenic
MYH7,TTTTACTGCCTATAGCGAAGAGCGCGAGAGGTATATCGAAGAATACCGAG,12,T,G,pathogenic
CFTR,CAAGCAGCGTATCTTCGTGTGCTCTCCTTTAGAACTGCATCTCTAGAGTC,23,C,A,benign
MYH7,AGAGAGGTGTGCCCGTTGCCTCATCTATTTTAGTTCTCGAAGAGGGACGT,42,A,G,benign
MYH7,AGGTCCCGGGATGTTCAGCCGTCTATATCCAGAATTACTGTTGAGAAAGA,7,G,C,pathogenic
BRCA1,CGCATACCGTGCATAATGACATTTGAGGTTGACGATTACTTTAGTGCTTC,9,T,C,pathogenic
CFTR,TGAGAAGGGGCTAGGGCGGGTCGAAACCAGCAAGTCGAAGCTTACTCCAT,17,G,T,pathogenic
CFTR,GATTTTTCACGTATACAGGAAAAGTAAGGCACGGTACGGCTGAGACACAC,35,A,C,pathogenic
MYH7,ATAATGGATACCAGGAACGACGTCGGCTCGAACGAGCAGACGACAATTCT,20,C,T,pathogenic
TP53,CTACCACCTCGATTGAATCTAGTATCTTAAATCGGAATGACCAAGGTGCC,36,A,C,pathogenic
MYH7,AGTCCTTCCTCAATGTTGGGACACACAGTACGAAGATATTGAGAACAGTA,26,A,C,pathogenic
TP53,CGAGCCGATCAATCCAATTCGCACGTGGGTGGGAGTGGTGTGTGGAAGGC,33,A,C,benign
CFTR,TCAAAAGAGGAATCATTCGACATTGTTCAACGATATGCACATCATCCAAA,26,T,C,pathogenic
MYH7,TACCAAGCTGAACATCACAAATTCAATATACAAGTAAGGTGCGCTTTTTC,7,C,A,benign
BRCA1,CTGATGATTCAAGCCCCAATTCCCTGGTTTTTTCCCCTGATAGCGTCTCA,14,C,G,benign
MYH7,AAGTGATAGGGATTATATCCGCCCACCGCCTGGGGGGACGCCAGTATCCA,25,C,T,benign
CFTR,ATGTATATAAAGTTTATTACATACATCGTCCGAATGAGACAGCCCGTTTG,20,A,C,benign
BRCA1,CTGTATTCGCCCCCTCCGATTTCCCGACAGTCAACTTTGAAAGAGTCAAT,16,C,G,benign
BRCA1,CGCTTCGGAGCTAATGTGTCGCATAAAATATTCGGTCTTTCGCACCCCGA,6,G,A,benign
TP53,GGCTTGGCGCTTATGTCTATCCGTCAGATTTGCGAGAGCATTGTATCCGA,28,T,G,benign
BRCA1,CCATTGTACTGTAGTGACAAAACCGTCCTCAATGGTTAGCATGCCAGGTG,39,C,G,benign
BRCA1,GAGCAATGTCAAACCTTTGAATATGGCGTGCATACCCAAAACCTTAGGCC,34,C,T,benign
MYH7,CTTCCCGTGGCCAAGTCCGATAAAACCATGTTTACTATTACCGAGGGCAG,34,C,G,benign
CFTR,AACGGATCCCCGGTCCAGCTTGTTGCCTTCGTAGTTAACGGCGGGGGAGA,39,G,C,pathogenic
TP53,GCTAGCTATCATGATCCATAATTGTCAACTCCGCACAAATGAATACCGAT,23,G,T,pathogenic
MYH7,CTTCTCTCAGCCGCCTGACGTAGAAACCTTGTAACAGAAGTTGCAGACAG,12,G,T,pathogenic
BRCA1,ATCCCGCTGTAAAATGGCTATCCTTTGATTTCCGAGACCCGTTCTTGACC,30,T,C,benign
BRCA1,GGTCAGAACCGCCCAGTACACCAGCGTCGGTGGTCGGGATATCCGTCTCA,44,G,T,benign
TP53,CACGACGAGTTACAGCTCTCCCGGAATGTATAGCGTTGGATTGCTCGGAT,11,A,G,benign
CFTR,CATAGTAACATTCTGTTAATCACTTGATGATTAAATTGCATTACACTCGT,34,A,G,benign
TP53,GAAACTAATAGTTTGTGTCACAGCTAACGCGGACCGCTTCCGTTAGATGC,11,T,A,pathogenic
MYH7,GCCGCATCACTATTAAAGAAAACGTACCCTAGGCTTTGCAGCCAAATACA,7,C,A,pathogenic
TP53,CGTGGCGCAACATGTGATAGCCTAATCGTGCACTATTCTCACACGGTCCA,5,C,G,benign
BRCA1,TCTGCCTCTCATCGCGGATCACGTCCGCCGAGATAATAGATGTTCCTTTC,40,T,A,benign
MYH7,CAATGGCCCTGATAATAGAGGGCATTACCGAATACATGTTGTTAAGAATC,29,G,C,benign
BRCA1,ACAAGGGCTAAACGTCGCTGCTATACGGCGGACTACATTCTATAATCGTA,41,A,T,pathogenic
CFTR,ATCCAACGTAACTCTTTAGCGCTAGACAAGTATCAGCCGAACATGTACGA,5,A,C,benign
BRCA1,ACCTGGCTGCAGTTTAGGAGAAATGAGTACTCGGTGCAAATGCGGGACCG,19,G,A,benign
BRCA1,AACAAATGCCTGCACATACCCTTGCATCCTGTTAAGCTGATCAAAGCTGG,41,C,T,benign
TP53,GACGTCTCTAGTCGGCTAATGGGGTGCGAGTATTATTGCTTTGCAGGCCG,17,A,C,benign
BRCA1,AGCACATCCGCCTCTTTTAGACAACCCAACGGTCTGTCCCATGGGAACGA,44,G,T,benign
MYH7,CGTCAACCATGTCTACGAAGGTCGGCGGTAAAAGCCTTGCCAGGAGGTCG,12,C,T,pathogenic
MYH7,TCATTCATGGGATGAGCTTAATGGCGAAGATTGTTCCTGCAAAGTAGCTC,9,G,A,benign
CFTR,GAAGATGCGTTGGATGGTGATAAAATAAGTTCTTCTTTTCTTCGAGCACC,13,A,G,benign
MYH7,TATACCGATGGGTGTGTCCCCCGGGTTTTCCCAGTTCTTGCGAAACTCCT,5,C,T,benign
TP53,GAGACACGCGTTTCTAGGACCGTCCAATCCACGATACTAGGAGGGTGGGT,40,G,A,benign
CFTR,ACGAGTATGGTCTGTCTCCTTAGCATGACACTGGGTCTGTTTCAATAATT,39,T,C,pathogenic
MYH7,GACTGCAGTCTACAAGTCAACAGGGGACCCCTCTTGTATGTAAAGGCGAA,6,A,T,pathogenic
TP53,GTGGACACAGAAAGGGGCCTGCAGTTTACAGTAACCTAACAAACTGTGAT,44,T,A,benign
MYH7,GCCTTATAACCGCCTCGTGCGTAGGTTGCGTAACGAGTACTCTACCTCTT,27,G,A,benign
MYH7,TTATGCGAGCGATGAACCGTAGAATTGTTGTCAAAAGAAAACACGTATTG,13,G,C,benign
BRCA1,TCTTTAACCACAGTTCAACAGTCCACGAAAAGACGTTCCGTTTTTACATG,38,C,A,pathogenic
MYH7,GTTGAATAGATGACGGCCGCTTTGCCAACCCGCAGCAGCCCGAATCTTAG,18,G,A,benign
MYH7,GAGTCACGCGGTGTTTAAGTATCCCGTCACCCGATATGGGGTCTAGGATC,8,C,G,benign
TP53,CACTTATGATACTGTAATGGGATCAGTGCGGCTATCGTACTACACGTACA,34,T,G,benign
TP53,ATGACCGCGCTATAAATATGCCATCTTACAACCGGTCGTTTGCATGGAAG,35,T,A,pathogenic
BRCA1,CAGACTACGAAGTGAGCGAGTGTCTGATCTTTCGTTACTCTGGTGTGAAA,42,G,C,benign
MYH7,CCACGTTTACGGAGGGGCGTACGCGTAGGGGAATAGTTTGCGAAGGTGTA,15,G,T,benign
BRCA1,TGACTATAATCAAACCGTCTGTCTCTCCTGAGTGCATTTACTGTTTTCGC,39,A,C,pathogenic
MYH7,GTACACTCTCTTGTGTATAATAGCTATGTTAGCCATAAATGATGACGAGG,12,G,C,benign
CFTR,GGGGACTGTAGCTGACTTGCCCCACTTATTCTACGCACCACAAGTTCCGG,7,G,C,benign
CFTR,GAGGCGAACGGAGGGTCTCAGCTGACCCGTTCAATATCTTCATTCATCTG,18,C,A,benign
BRCA1,CAAAATTAAATAAGGACAGCCAGGCATTGTGGGTGCAAGATTATAAAGAG,17,A,G,pathogenic
BRCA1,AAATGGAATTTGGGAGCCTGCTGACAGCGACAGGACAGAGACCAACGCGA,36,A,T,pathogenic
BRCA1,AGAGTCTGCGCCCCGCCTAATTGGGTTCGGGACGGGAATCTCAGTGTAAA,38,T,C,pathogenic
TP53,TCTCTTAGGCGTTAAGCGGGGTCTCAGTCAAGCTGTATTGTGAGGCTAGA,23,T,G,pathogenic
TP53,CTGTCCAGACTAATATGTGTCCGGCGTTCATGAATTAACGCTCCCCGGAT,42,C,A,pathogenic
TP53,CAAAGCCTCCATCGCAGACGTTGGAGACAGGCGGTTCATAGTCCCTAGAA,20,T,A,benign
BRCA1,GGTTTTTGATTATAAGCGCCCTGCATGCAGGTGTCTATATGCATTTGGAA,6,T,C,pathogenic
MYH7,GACCGATCGAGTCGGGTGTTTCCGGCACTCTGAGTTTACGGCGAGTCACA,44,G,C,benign
CFTR,TCGACGCCCAGTAAATGGGCCCTCTGCCATGAAGATTCACATTTATACAC,21,C,T,benign
BRCA1,ACTCTTCAAGAGAATGAGTTGTCCTCAGAGTATTGGGACGGAGATGGTTT,38,C,A,benign
TP53,GCCCGTGTGGTCTAATGAAGGCGTTCAAGTACCTCCTGGCGGCGCATTGG,20,G,A,benign
TP53,GTAATATACCTAGACCAAGGAAAATAGCTACTCAAGAATGTCACTAATTT,42,A,G,benign
BRCA1,TTATAATTGATTTGGCACTGGCGTGCTCGCCAGGCAGTCGTGTCGGACTG,6,T,A,benign
BRCA1,GTCAAGTGTACTAGTCGGATGCTCGCACTCCACCGGTGGGGAGAAGCACC,6,T,G,pathogenic
TP53,GTGTTGGTGTCGCACCTCGTAGACGGAGGGCAGTTTTCGAGCTCGACACA,30,C,T,pathogenic
MYH7,ATATGGTTCCCGCAACAGAGTTTTACAGAAGTTTCGGACTCGGAAGTTCG,17,G,C,benign
TP53,GTTGAGGTTAACGTACCTTCACGGTAAGCTCCCAGAGTTCGGGCCTAGGA,35,A,G,benign
TP53,GCCGCCGTACTCCACAAATGTGGACACGACTCATCCCCCTGTTTGAGTCC,38,C,A,pathogenic
BRCA1,TCTCGAAGGTTTCTGACTCCTCAGGACTCACGCAGCCGTGTAAGGATAGA,43,G,A,benign
MYH7,GGATCACACTTAGCGGGTAATTAGCCCGATAGTGCCGTTACAAGGACGAA,7,A,G,benign
TP53,AAAAGCATGGAGACCGGTGTCCACTGATGACTGAACGCCGGGTGACTGTG,12,A,T,pathogenic
TP53,TCCAAGCTTTATAAGTTCGCGTAAAAACGTCGAGGAAATATATGCGGATC,27,C,A,benign
CFTR,AAAGTTCTTAAGAAAAGACCCCACAGCTCCACTAAGGCGGGAAAGAGAAT,18,C,A,benign
BRCA1,CGTAGACTCTACCACGTTTGTACGTACCGGGAAGTCCACTCAATTCCATT,31,A,G,pathogenic
CFTR,TCTAACGCGTCATATCGTGTAATGCCACACTAATACCACGATGATCTGCA,33,T,A,benign
CFTR,CAATTTGGTGCCGGCACCGCGGTCATGGAGCTGGACGAGAACGCATGTGC,43,C,G,pathogenic
TP53,CCCCTCAATGAGTGGGGTACGAATATGGCCCAGTCTTCGCTCTTCACATT,43,T,A,benign
BRCA1,ATAATGACCTGTGAAAACCTGAAGGTGAAAAATATACCCCTTGACTAATC,5,G,T,pathogenic
MYH7,GAGCCGCAGCGACACTCGCAACGTGTAGTCACAGGAAAGTCCGCATCTAC,21,C,A,pathogenic
TP53,GTATCCGAAGGATTGTACCTGGGGGTCCTGTCATGCCCCGACTACATCTG,34,G,A,benign
